,Lasso_Prediction,RandomForest_Prediction,GradientBoost_Prediction
0,102221.08610114866,116444.06147077713,114267.13121004414
1,139850.18634875191,148122.58651693238,146308.47109688408
2,157176.08576855244,174325.4146610401,169664.477100815
3,174852.65272861795,178514.96113866908,174551.07086747885
4,172156.50802305868,187355.27361832233,174844.35893815814
5,154026.5837663659,171525.59520742952,164956.9773052076
6,160782.88257873515,159669.1172690666,148478.15040512255
7,141427.6065315597,164466.9803207829,157075.80024488913
8,178819.64407247756,182274.86126647174,176525.77842072267
9,101824.8322433207,119919.50951332077,117948.78082138766
10,180318.4733756369,199308.02752163517,190958.23989155795
11,92516.76343747656,98930.28676474899,102052.3010962686
12,90603.81746220878,102470.38981462846,102572.56792494642
13,136116.86957655379,156403.6166730717,150215.20462842856
14,100105.53157862417,118209.15829591041,112634.03776956938
15,291625.0671190638,346697.82108320564,327119.2018209263
16,203117.38013497848,235866.69305715358,224829.2311828582
17,239109.09229090254,277819.8226948914,265337.0785639424
18,248012.67500437662,262124.31583965605,252392.33860545684
19,359622.13443837187,428208.49252165906,414638.77562081465
20,270669.1338321727,295538.2589799946,296991.946429133
21,182909.90011419964,196127.2236867554,190302.75787490112
22,155004.29202684594,172603.0348944299,165283.8955555227
23,144829.75279842378,165865.04251726152,162932.45811815394
24,172298.75782634894,168414.3752109523,171791.07384894753
25,173309.6900279847,191261.33409448445,188294.37365831056
26,250372.0437587262,293236.64211354346,279521.52720470453
27,193336.6515150386,228180.14624365477,214267.55347683743
28,156365.67355891503,176099.67695310863,163542.3077901097
29,184861.47016174207,203808.02705137525,198665.6236334712
30,172677.35414745111,186633.96002864104,180681.32101361355
31,93294.669446329,100602.4333151915,95895.94564119274
32,178464.13612140052,175817.02350660603,173285.94099130432
33,257194.82110948858,284089.3063207051,267813.88514693774
34,251509.38710950187,276315.2575939648,267085.1708087273
35,194218.14941950457,224686.6542476761,217013.08373911155
36,152149.12141289623,183391.00456663416,173358.2270428681
37,143231.55248298144,154863.73830084855,155564.42250240216
38,139770.07135441544,154953.99597468626,155338.58070468117
39,134263.52381907788,152296.90991205294,153170.79201170802
40,147910.63507459327,165230.7665320887,165518.5634081744
41,128183.36724647357,153386.47085760618,154383.05034564485
42,263530.20607570285,248681.36986802667,249447.19628743076
43,206981.8324333296,212677.88445927933,215610.96420012502
44,186700.42649527403,215563.91214111072,205153.84192659566
45,180267.2548265225,176275.5832724558,175436.36554634257
46,217638.01726135798,227252.0910900082,232134.81159707796
47,187766.92060132636,188721.42378625929,180916.25472220773
48,143554.70414671255,153913.23368378682,151662.2879790619
49,124121.04980181552,145170.04743918998,137405.62297207303
50,134588.14972231578,144876.04471379114,139068.3240633624
51,154187.8943325737,169461.9528313515,166582.2369799944
52,136418.91063969219,143071.912617481,134977.06745412742
53,154020.836266707,156029.45481961448,154649.6660092441
54,179066.13166379483,185665.79917502872,191368.23273287783
55,141682.6641953677,151822.2464539077,147422.73590369037
56,162328.82842862394,149049.30837701863,152412.41728211084
57,124484.80779323222,132989.94060888875,128324.09331545152
58,179992.63722225424,216694.52799578002,202000.29053369706
59,112925.84112170844,132546.55265078062,126734.6192284272
60,113181.94257565757,132389.71097197276,129228.81352651064
61,157933.229233075,161960.3628564325,159648.2256487924
62,96133.83040381306,115577.45786614,110789.48219151224
63,107632.60269423123,116366.29345503956,111949.5581034197
64,104095.22728814167,117439.1561641001,115985.89061072016
65,109241.89152240749,123226.83330799888,117616.55253761681
66,97669.73542695324,103628.9152134393,105275.03221000316
67,125789.96974579002,126897.78461982684,125824.6122720904
68,123684.3321004988,133188.30144958146,130807.32240825566
69,161250.60787267584,164035.21022673542,158237.96217157523
70,117253.88836815431,145567.81110190108,135809.98246951224
71,95192.1042277469,106722.07054700234,107661.42682414941
72,145997.14639151745,143182.64098152437,137759.7941259733
73,113835.4009820038,117560.39797307266,115814.47584970747
74,148064.42807518638,157935.4153479956,160171.04036605364
75,109339.81998688623,122051.48015340586,122181.03381343835
76,62352.137888611236,78337.23880903995,76960.19388930706
77,174420.96579536414,158188.9736351241,154456.57233402986
78,212802.6616067824,194458.37679769716,193222.39747875495
79,99274.19564197512,114000.33186007805,104602.24067472325
80,138487.54341818954,143028.75342034805,141049.24127959675
81,129049.49103083163,140235.87470565084,134699.83057180137
82,184070.59798813786,188970.40969599492,174913.9287294578
83,84763.02613788065,83560.02718411876,89238.39365509081
84,115121.15404506658,109633.10370679724,105565.41883849581
85,123803.78944595197,122871.92413781406,124592.28013540471
86,116387.46464491206,137490.57288779254,137196.5389778305
87,122624.35828346282,130198.09318190857,130413.69423791075
88,108348.85989420056,113175.59179920082,109260.1707066949
89,127177.34915542237,142811.9103092342,140006.8862226514
90,113331.92009546833,121345.31590786844,119415.54822946717
91,130716.94907811181,145559.24049245392,148854.85594379684
92,138584.90936770083,136683.1114212631,142395.14074022343
93,122076.25455571922,117398.79324247393,120678.63578161827
94,157085.79125926128,166847.4906358275,166233.8237353752
95,82686.22458235946,96682.08864397621,91616.05937943839
96,98768.92349225885,120153.80328089098,107768.13863931628
97,90677.94656854955,89451.8754063593,91940.28292991455
98,81639.25074555751,119044.96899997139,103759.86568088343
99,136317.82063275072,149896.1531532531,144140.30571336098
100,108906.5101037798,136308.04121894384,130729.87060226736
101,117774.0185077687,120228.45178101772,117987.74401918813
102,105091.81217553331,119856.70687222181,114580.93127648967
103,145475.63661734504,160704.03653447752,153567.9443649489
104,136022.1497213642,150499.16111337088,147583.08586976718
105,209145.6097913453,210120.00976657608,211349.30128624584
106,71227.64744615513,80412.43139823955,79565.87526903942
107,205275.91344502947,214931.4938051191,217449.23522547015
108,120687.61044636127,157078.97411228932,147274.16832331783
109,132753.10632893347,131636.1864395927,135517.39941395493
110,113015.33716657096,129454.10898836375,131686.43429294793
111,127636.54695035754,138943.608856608,131259.47484259147
112,222778.39572921328,229131.72620565858,225656.2317871299
113,110047.20395579594,119705.06249149416,112533.94591571545
114,200063.09284462416,209797.20603476127,209341.40352342668
115,222385.60429368986,205955.34284839284,208066.85225176965
116,154718.34965374524,177436.04533895475,166398.4351877189
117,136597.62165241773,138772.75829993532,134939.25743641797
118,128031.02764241832,139626.7746388172,133625.83032102985
119,172559.90252245474,181024.41471202733,170332.755059809
120,148179.0891253429,133922.20209830816,140925.03801259433
121,107716.74518790192,124651.92103958776,118134.20178500409
122,266429.9267327085,295584.5119487575,281624.4429117859
123,189355.82285532053,229778.30657980815,225901.1273530399
124,126197.05532828985,140786.86513099913,139310.7333047042
125,56347.356461133175,77498.28314094293,75129.35336605523
126,100358.34231074054,100903.74169398198,98890.25127189344
127,132938.6365262699,141911.07679558086,139336.9903116799
128,89751.3739657159,96363.65964018251,94164.72654798478
129,123108.85555887353,127581.21365724767,122742.91111627662
130,78132.21225064792,95888.35604199412,91358.22588674111
131,111755.3129501211,132197.20383137275,123578.16832756632
132,110929.32631695467,119671.46237959425,116747.34623889497
133,113316.09915409655,134168.3612980525,126945.94877146663
134,99615.21446702338,127273.80301676468,123126.0632173614
135,201880.03229706243,221824.2886560286,210432.1812201608
136,159481.08700964248,158878.23635886528,160632.69291965858
137,188627.8231983594,181750.6086302539,176754.6372676111
138,166841.82922202098,163318.7935826549,165018.11795301267
139,164483.19155840913,171771.09390505857,168570.9155117794
140,60709.33704661785,73874.12942939706,66794.07373398547
141,110788.935817615,112101.33115683965,109102.08718533786
142,87526.05526252654,97168.63249030669,94137.94031258915
143,221303.47923970796,264599.03633046214,260641.849685629
144,220936.9882958544,235524.6285898879,230393.46573408757
145,153938.473264141,163338.44013728877,155078.23268118154
146,154791.64254461476,159561.17959395333,156195.68256516525
147,186154.52689922164,197039.4592063543,192790.92949405016
148,158757.24934338863,174918.76080454054,160862.98979971348
149,121992.580786879,148790.2727928261,144943.22772134648
150,131048.71700674173,144032.41751921744,142299.80882474568
151,144099.973933168,167217.1553608869,162287.82750778092
152,139214.13010738647,158097.72198104835,155900.9203828257
153,122185.88051956146,125903.80856938945,134422.23508586048
154,88280.24751737854,95727.9828086137,97230.68536123332
155,73945.96420116798,84804.25330616623,82795.79150466503
156,91174.21509437001,98329.4345720835,98169.75170685053
157,103954.29691945923,115878.9101875435,113441.24965431854
158,119707.01910953189,129611.04460314882,126933.87164352952
159,146352.59525258068,154265.09989969138,149692.310922626
160,127080.56699166486,132168.30456046306,128654.73067180817
161,131061.604230567,145236.81657875687,142519.9624026121
162,230191.78132092126,254920.0574661014,255762.75838733642
163,191319.5494072443,206294.40426841346,204396.12465942884
164,107070.85924310694,118657.2635936621,114491.75404986025
165,156356.7912853361,165246.6598809237,158241.14599048463
166,172374.39363365757,179739.93716024165,174204.5696750607
167,259765.9348647928,264134.91359484685,262345.00679894706
168,170998.17268221112,172951.56532862468,174257.98603561448
169,300379.775232197,309857.8848270873,294749.7412692573
170,204796.1953225007,190312.5943469804,189156.3319389537
171,223238.2054488119,235209.96609119547,222639.4618453852
172,159851.19246351786,166448.18652743418,169027.206815437
173,168719.1336964894,183371.02248999279,178672.32698790752
174,169663.25226819163,178868.0203528099,177602.3576434851
175,143264.31092265085,153653.83032849018,149278.394810353
176,178846.06719270442,187635.44967554047,186962.2515385197
177,201130.6468454871,210307.24598687078,209301.36556694197
178,171118.77328726157,173894.9967393788,171532.54524847172
179,237777.0969987909,253632.62479372995,250163.15309159286
180,175597.5363715065,174959.5259967069,171551.0476053244
181,219814.07756785676,218567.51087702118,218870.35552375545
182,198145.16031238216,216754.6523513295,212801.8147244002
183,205504.4507379242,213885.41558546614,213618.8107608839
184,185689.02232057648,188009.5809583428,185459.25319333436
185,148426.27108388444,152052.99301145464,150225.72195283382
186,144998.80941102264,154945.37435774595,146024.6460514276
187,117991.00194038227,138002.35756874282,132275.69552851262
188,128331.22555594832,132988.55776257743,135633.1456242813
189,101927.72493914556,113491.11665792901,112854.21704640522
190,107666.65923374228,114143.05529005031,109703.66801765337
191,97693.86591966332,107615.18562287858,109711.65081813122
192,100885.106491931,106420.06824460723,109735.87054887625
193,137414.34576403513,159947.22695180436,154558.85321173162
194,133200.3212407344,150343.97307329872,146207.49566341008
195,131612.56508219452,157196.87886961614,152603.01299761108
196,137242.92930686992,159717.81730018792,154464.92819638018
197,135980.27369227607,162555.68079837586,154695.99528086474
198,106451.96269795921,129645.39048571582,125836.9891255522
199,145969.76821036075,142192.99714539133,144053.14839263752
200,349145.83078785514,410017.82767297514,395949.7827142645
201,329947.14655230206,354358.1869381188,352360.6507139934
202,295187.9425378012,337949.79570527584,328052.1130790283
203,396320.6224749839,420791.59802995145,399759.9492573074
204,238694.5487763303,281890.40389486094,268944.8513794208
205,269251.7083394129,293671.1594731973,297103.9201709687
206,301499.49609433406,342283.3593977715,333916.30974879814
207,270231.1741227884,306322.16250611725,295910.9190912046
208,250009.28960532902,278046.8551721391,270104.245370041
209,275210.3485917887,317180.23303320154,297866.4999216945
210,219892.31665302452,252225.172111717,242058.71450504914
211,335481.94117312424,390395.9755269433,392465.8756385954
212,245396.79025836522,284473.97965866857,278556.0985727273
213,198023.1046192913,232367.25210365045,226084.6314988314
214,175837.59065651207,187552.63035423087,183316.99645866294
215,175572.9732565761,188674.86685624867,186526.26088206083
216,189191.40508985813,201466.40318261523,203147.51697826368
217,404123.27746000554,424927.7493152998,412211.7728585035
218,302023.0613816089,346922.0322658022,346431.464567985
219,279117.74432151334,313409.0053280196,305133.62524856045
220,203546.84421778744,233007.93034317388,223792.77684093767
221,256633.77823825084,288038.4597579761,284813.55059605255
222,160757.69793389604,190005.10231706253,183200.68705194574
223,158135.69582804962,173221.6601138539,171041.77069621236
224,158721.73523994777,172670.10470785145,171522.44188936276
225,158138.15338390507,171684.64211387298,167395.83238068948
226,153166.55668473404,165823.85186180673,164884.91260478037
227,172284.74706710302,185590.10673428606,180741.29090732904
228,177272.6115070323,185447.58797884453,184182.2613919758
229,186003.2042748586,184738.49330232188,185683.42558322035
230,174464.95982470116,174699.30963318562,175690.31170623185
231,241218.0171738255,248105.7565459155,250029.42465253855
232,157564.36728107897,168380.24176718667,164688.23991449544
233,166823.74456601165,174930.10723492622,172414.73842132514
234,144985.9706417605,164260.94412020445,159878.53995560785
235,258959.2523344436,266959.98446092254,254204.23921886133
236,151097.29899289447,161917.98329724936,161219.90778182866
237,291049.5966659363,316110.81568667095,310340.56093856524
238,264145.0131580501,301541.4628340921,292513.50660579576
239,213402.58046070006,237817.01574868747,237464.6284045921
240,248897.3873275108,256391.38263210078,262477.25345198245
241,202697.16428443315,242229.36333751623,223641.56196029505
242,205263.8284569859,243053.73743468878,235712.8047996443
243,236067.1414681417,263223.38078790694,251944.09440418927
244,204808.3453997935,211842.91750706086,214288.9106962049
245,340783.73740232334,388181.29071198386,380653.7702838682
246,174455.94665672764,200615.59261752843,193919.0195996151
247,162060.61783447425,187905.36385516042,179317.48904163178
248,217744.93667354554,245071.5624639516,240571.82769726525
249,183841.25955148975,206336.57717240357,200679.36562113336
250,226654.44566503263,238585.2053997992,242689.80496920462
251,218324.18906584234,251890.73868217328,248909.1610454524
252,220160.6776810365,251206.31541018706,238871.09256971677
253,190622.41161913815,214125.87290372758,202625.94925902935
254,181709.47422390128,194788.5079084711,188945.6554540498
255,153836.1657286177,165591.43284877154,155685.74390407366
256,150464.659360277,164948.81113743072,160462.7390201106
257,113901.89926768327,129214.69790359313,123295.84172141731
258,186180.79595545435,203368.8196703949,199298.74940654216
259,214299.53457998633,229946.3358209028,211087.11161767994
260,145751.1903841312,155993.78840180315,148678.24986786506
261,109954.65323416989,120417.78911952938,116699.97206508146
262,140937.58866889114,149990.77483417979,148057.01314005945
263,179956.53321135137,203247.37650271552,189284.35895419444
264,213832.56595562876,228494.63010362358,227632.06171055065
265,171637.029344405,192318.61134798883,186285.96252369022
266,144180.49401287327,174864.05807151756,168563.1682920722
267,169806.5185111008,182063.1163214807,178269.4229165051
268,148851.74791926253,160426.28443445166,158741.88730851782
269,150073.20203784265,143292.50983344627,149137.22899893462
270,112549.68544135703,121488.63581361828,117719.13993227172
271,112980.65067312337,129257.4641676607,126556.53537889144
272,102424.06798387738,115103.46946189937,113832.44889144233
273,116932.91705880236,125173.69151925016,119135.24505945695
274,124575.64398377779,128987.27587117774,128964.43245654274
275,102767.57809074498,114626.60617077185,115128.17628192535
276,257553.18409292988,296728.22961063654,281006.5580620844
277,223431.16840855128,212388.57207237257,214474.5224259572
278,202354.29873781363,266455.9206474517,253204.6315620581
279,187219.33095051275,213469.548710468,215624.38930669398
280,162625.6822853877,176450.99293663845,173436.5311583173
281,151502.50016512882,168531.81684590434,166448.7312762609
282,163242.51073353816,172161.41020860264,168981.25629331876
283,278346.5368340848,277198.28082381195,282398.9201154874
284,187314.1644212872,224864.4184613607,206599.16249005703
285,197003.75074731605,212379.19238886755,198856.0398100985
286,200941.7959579315,206541.56908150512,203410.94796907052
287,201599.97484734206,219640.08742297927,226321.0085701044
288,145083.41011421155,162645.9638474576,162813.028017589
289,133339.11221206666,143408.34557826477,138319.90920864374
290,240103.16654308335,232387.28434237608,237624.63221222788
291,108896.86045299436,119970.65316100337,118107.25697759488
292,136650.87269882663,140666.7565305282,142369.9815141658
293,188539.5406174106,200891.96831401243,185494.4752644965
294,162405.6938241605,172303.1137303424,171402.87210660565
295,111720.57731973384,119326.97995613917,117449.56877595889
296,106046.98627712592,114174.12350735483,112130.47663346205
297,133059.07413627827,146986.84092578077,145902.1893439397
298,154968.6447422408,160108.09654579236,158745.15764543085
299,148814.67846447942,168723.30967494234,162042.63731108993
300,143335.86059749822,153964.95626295573,148081.88403869732
301,161384.033670872,176142.5876787152,172898.73002398893
302,180008.10754660628,173761.0386379578,170957.26398383258
303,106598.26334194076,118370.23353470293,116245.05331667214
304,162292.7878341452,165304.92543035874,158256.56392541897
305,169364.40172428897,171277.27550702295,164840.8300885081
306,204503.3563086147,204333.312555818,201189.10499335764
307,129607.93123893584,139450.25153715705,136465.57186132474
308,163680.3495978156,163260.6496343794,160571.2133667681
309,142472.2260485971,136273.04224061035,135965.3165598384
310,115132.09410006704,129140.21696268865,128200.70626997449
311,122524.03346212892,139866.07118340037,132590.8310744515
312,111847.27030594848,136046.74008747324,132050.50715619948
313,136964.8884395724,138545.69246898865,136681.16244668598
314,129090.99648638704,129714.92898984715,129110.72239324225
315,111697.24836266202,115702.83783145885,114366.96625022138
316,95023.48750160846,115744.16136593174,113648.77793140127
317,133772.18109770148,128894.75453619791,125140.42119752165
318,105729.96473599212,112917.84106857536,112634.36498871444
319,170221.64104902913,174638.3034667893,176679.79218140923
320,119626.75695857615,128915.95719130372,122548.11974148334
321,74413.27223259691,89981.47257709451,88245.05531198806
322,138325.42269366878,140127.67294246837,144968.25195929917
323,100154.81670860008,101735.95507616783,105469.811799249
324,117123.15227582076,119432.88511776201,116566.34863240016
325,136860.75186229046,166408.800904314,159092.73907874184
326,164895.578359591,166004.87244517318,161801.56405863664
327,49680.49921389515,66018.63867408874,67155.64132843711
328,99253.69918041708,97862.99379777258,100873.60312001924
329,80353.2200273976,88832.46629455626,88798.81185724927
330,162152.37777864322,182535.9848378788,177648.4737025162
331,145888.0207227429,150344.79263943012,148354.98855841756
332,126467.86510301555,138235.62156073275,134188.44404878648
333,148116.24764851778,134234.13983875036,133037.8136318404
334,124367.75516016148,128771.57249207895,125331.8274539356
335,115993.98128136928,115750.14023875457,125216.42593820508
336,110425.46105698228,105614.43478517565,101470.53739656118
337,103939.35300983665,114570.29231145728,115386.22789756239
338,98303.00904835324,109960.98622825132,107994.80879665301
339,117447.08016260776,132778.51465630106,132450.33901706882
340,113119.47889039708,130200.62552466539,126788.59657048821
341,129144.28394941654,140768.81277881647,138684.38515212206
342,139465.27658064355,148206.68994018872,148079.23830385986
343,133985.5001543516,141484.80559793313,143587.7722872238
344,128641.98249553992,135522.20696035682,132595.94282304513
345,131580.27504985154,128007.25657664951,125122.8503855928
346,144078.43587577567,149650.44589042466,141523.76475942676
347,120581.20236034287,114751.57189031488,118291.45593491217
348,117451.94769617886,120286.72240827257,125366.03213872001
349,137905.93689086253,147810.43527463704,148461.77861110435
350,84597.68568434767,112846.70556249165,109165.0872079183
351,96283.92828740533,114337.61937940764,107830.58090866775
352,117844.04111477791,126486.69176697556,124075.12053244498
353,94877.95275231893,103237.19992191257,104386.88735621906
354,48722.62694105971,61890.888399976706,56381.559653855715
355,97390.55907855192,103305.15087351252,102635.51343480761
356,106643.16119020025,130379.50377292151,124780.50333508055
357,150844.44725277563,151124.0147048159,153431.71225919705
358,129723.09861492176,123981.74167696673,128052.47769507111
359,66093.96272935488,81696.62230147846,82419.89428801672
360,109163.0394778139,123323.66177091065,117379.6215841511
361,157796.71182918042,152004.45819344473,152605.06451920717
362,52911.33605031643,67262.32521257516,61996.28235472502
363,124649.85069871937,139067.1107539811,130672.73970593659
364,118201.07672518448,128969.13479809684,135240.92376252825
365,103223.45386297296,113192.49475841728,113691.24405995851
366,105123.16785318265,111891.22061831361,112322.5048922499
367,134079.94798668713,141136.04348763698,135278.45032742393
368,126406.40177098352,120337.20997732929,114740.61933368641
369,148470.87281124925,137399.564940019,139404.08899699769
370,153552.60294511777,158418.1243315465,151049.6453867679
371,76988.89704933873,114970.6183879447,106741.9743126951
372,143640.7652167733,146900.65942124263,142732.8161992495
373,133110.37607944422,130349.21981154074,133471.09819643738
374,136583.79702953837,158863.3757747153,143802.20907258126
375,125947.07374786962,125710.53437654591,120382.94556152537
376,88452.86604140398,102438.50571022433,100095.87675413804
377,138591.80643070932,140304.57508240093,141556.23155351318
378,85958.29329533427,86993.85872835305,89489.20633094232
379,132128.057472064,145909.9529039597,148434.5273174632
380,128383.34520022066,140952.14565161808,145629.8414421155
381,85143.44394683317,94086.93462463809,95713.24350775755
382,124170.03620605005,134163.3140006469,133730.6092874601
383,131390.699902627,135889.9192037343,139869.089515171
384,126395.80457909845,146872.3873623826,147434.17924452783
385,143861.6166151207,152014.56752837845,149735.98806474736
386,153129.88965630493,161261.22965212946,161919.09022196196
387,41541.064279483966,64498.97726609118,59396.410775949196
388,92920.22423162391,101489.4679956008,99728.35828594408
389,110510.48639092376,125423.72420323256,118151.8237036659
390,153547.3155150001,155595.65579110113,157305.239142932
391,117595.7496825246,129295.13089455992,125065.33780473644
392,126540.98688650217,141192.26575418713,145736.9068937345
393,164506.55460699194,166543.448845278,167113.89584243964
394,144068.0201325934,152380.90732815792,154234.06524482588
395,201371.91272361175,225438.5226517478,223333.59381289818
396,154769.03188748242,154052.4144055584,156630.2466833014
397,135633.76609133207,137254.64429350762,136705.88917390507
398,117814.01911921929,118815.55104777563,123816.0498771321
399,141286.6420799363,156283.0732571966,155814.0495859675
400,116977.86825211563,118708.56672669013,123766.42728218879
401,275746.7102532942,257356.4124727753,250351.13411734713
402,266568.09527008823,250884.3501187723,240165.57933946332
403,266660.9918171267,251076.9397697715,240165.57933946332
404,297165.75493124366,303133.003765227,303624.6875938497
405,275857.00366027764,313922.25393849914,306124.5983459143
406,194470.89892273225,222983.34230793949,216092.93142086038
407,246809.17160553922,283823.03564504615,284068.23279820505
408,180056.89264907304,191189.8654515335,185480.1900755481
409,198663.0184369994,206237.35278868364,188853.5136409231
410,220541.62243101653,244917.7224203985,240410.3925164982
411,158309.60289424087,167912.99621515258,168332.48109253703
412,215644.39312527288,233354.6307441726,229726.871347598
413,127599.34989915125,129856.91067937287,128520.31072658423
414,184931.09343139266,197910.5485239546,181483.88743128147
415,180353.25236753095,186730.98833097614,188190.6357673474
416,187842.59055222778,202138.35093610562,191140.3843310121
417,178590.748075607,214935.4205181168,207957.5457305187
418,115974.06768165107,126691.41010563531,127353.76632603332
419,121510.15521498234,132666.2780483443,129721.750509425
420,212274.2725292439,230378.5321998522,209924.96064622732
421,222860.3298125174,247059.22826410638,248969.64035814354
422,166624.47427477324,194890.46310536552,188100.4323082287
423,179815.26555089004,204888.15120141002,194773.4583184874
424,222575.05025197656,236893.014499469,235786.15678720662
425,257871.92902947724,279406.9001121494,285784.3567435613
426,191215.7540416,198583.06754450474,193389.6612614567
427,230809.33427402904,249755.7299023282,236795.4408229685
428,148717.1320112691,162938.06231932522,163871.4479507705
429,114550.84455866308,131286.62133382124,127556.3456690351
430,129401.89293425516,140570.53577532293,140072.66949359633
431,86139.3920715463,104341.89308608432,99549.83097346549
432,122478.8571116258,136004.5297432365,128061.36925825763
433,111565.70597415033,130877.93279220599,127008.97921094889
434,137743.32332512582,148479.95561904937,143798.0475067309
435,126027.84182724527,125375.04135928825,127951.82226888355
436,120929.78129382596,122313.26804752681,119581.12870693501
437,115637.2934851627,112845.3642238761,118255.35165976368
438,150886.7761152915,140933.19067033718,145355.60705618898
439,140651.38943108675,126382.18309239074,128833.26588217942
440,145404.5666078653,157195.0061392537,153398.7318758659
441,127280.08644014847,132450.5801007884,131581.63862806975
442,198509.09792269784,201020.44749584404,189930.00296279523
443,122851.84909319671,130383.81751776427,127972.7444886354
444,169790.68181908756,177395.53775079083,173637.9988430748
445,125969.18008678888,155796.99120091947,152437.17579194077
446,200861.62077363944,189784.48665958786,178443.501558966
447,99666.92807712962,107471.30720295664,113367.70884579037
448,125158.5131602674,150322.12366820668,151416.09277417776
449,111137.97629961486,132687.84008785826,136283.86080621855
450,182877.0897547274,190225.24568283765,185163.81662270546
451,278687.974312295,268402.9054480677,265877.4901699867
452,142241.2247625071,154640.28909073852,157675.67755566898
453,69389.43441652402,77096.5151153965,73521.42981701504
454,264439.7028808683,281994.2813985165,284825.03256855014
455,59529.08660196089,71533.62237032484,71157.04382293594
456,243092.69560743135,247021.6808833652,240566.79991423123
457,129966.09028893779,135660.07639793408,136193.60108177763
458,169742.78159618247,166254.66446774715,165773.336534792
459,158653.198959475,159088.36116351583,153720.73840811636
460,326689.55080443533,364900.85387556016,364987.4391950162
461,282488.7478189772,287096.26130713813,266275.39733936865
462,218185.8483738207,210493.2587013413,210887.32612817225
463,209093.6989307916,223395.41368780227,219397.14879680178
464,188667.57930094117,221043.43678549293,209730.60501899925
465,325098.5502636188,346304.43140182353,340111.77225102374
466,128033.45878893597,128616.36249282453,132403.60755660402
467,151350.62388101,158302.69427784954,156337.9186009356
468,118167.30291867176,119823.05562961232,124793.81508066316
469,122662.94184891049,127023.04367697865,128943.61880057945
470,127365.74254966246,137332.80862652045,134343.13611251966
471,126978.97716592203,137358.61646033524,134243.97642953525
472,164281.9563871873,170399.4368634257,175948.72415747197
473,169605.0357481669,173607.77741443258,164573.7793003197
474,159728.86725851777,171979.21422092395,167350.71200234015
475,181327.4580224665,177522.76439209253,174940.30596864288
476,184982.6000709592,180312.36332248483,176585.79699026572
477,171228.24606893078,172545.61613470336,169342.6462750505
478,233922.20839166932,243316.46639857357,234852.13956486172
479,176297.29928769707,191766.69873555953,186214.02113761986
480,158411.65046090374,174886.27392017728,167753.63484681596
481,189059.51362345644,189143.46922129585,182056.59227176933
482,209024.60970130828,203796.4243821233,200209.17349246447
483,298213.9645562091,316866.56284346344,320495.6451226648
484,319678.23370384314,338038.29586203385,334954.5640130387
485,135207.96177927408,153170.5702479835,140167.2975378926
486,271111.97768393956,296903.52838003606,282669.8122483714
487,159188.11235801576,165590.4274102899,157645.81657498694
488,230019.93248203804,244145.42134838374,234668.6277608068
489,180063.6290345527,178372.93441237946,167269.43769073664
490,238543.79883403168,248321.83418944967,235461.02345648434
491,215059.0392236334,233357.15062047954,214155.11360027423
492,169009.74540312728,167035.08736429823,163842.42612358872
493,187632.75801282882,185093.26037109218,180702.81120105513
494,133009.1310121209,134148.17127533574,130220.69262247274
495,292661.29425560293,274906.874406883,268864.7025800121
496,153849.96731213102,158449.74215894807,153191.08569581492
497,279791.324335752,292982.29808759165,289541.05203196034
498,139361.92325289117,143433.22650607256,138521.87031040562
499,113030.2634383773,112339.95541796822,108558.6517397189
500,108995.23044648685,121518.59749154656,115166.43307455504
501,102862.89444891813,102770.63845858017,101866.07119725006
502,109802.1214698031,103501.16988027158,105183.16467699481
503,109104.5893190213,118735.19216101644,120158.6825844295
504,142502.31005272904,160249.86896852334,157154.9058073991
505,131560.6131155566,144756.49704851277,140527.3335778251
506,253459.780953353,269272.873415234,251690.39164148978
507,331726.2706447301,369323.1724066426,358895.68784544396
508,317313.4411016205,346501.62367634266,344142.70834639895
509,349341.8545078048,402560.19860669103,395864.648557709
510,412971.9786678453,397062.14449223806,384794.3656279379
511,343208.2613486762,327872.0045917556,333114.9075916796
512,246303.37367210345,256402.91870436154,247943.3123927005
513,285278.02834805014,304978.3675799105,301615.4457794649
514,437997.2465579673,412255.45933625515,403457.2545676763
515,241992.21026297542,250228.32144020364,245018.88319689396
516,306716.29674314085,346376.2092795251,334117.33110717003
517,294925.77703047695,327307.9615625249,322767.9725433658
518,302998.93556391576,317193.8399026501,305552.9098946418
519,194441.80341754627,196749.2075027312,196333.05413845624
520,299365.0724826322,330145.95419911935,304600.3348086893
521,199220.0855242245,208495.31727031292,202977.42416990644
522,187016.8364015836,196833.07727000347,186150.54429768032
523,155527.50686356463,180413.71144188568,175515.89892409742
524,209734.39300217148,214350.16725251466,212956.592821546
525,208740.83842469956,221413.76873326264,209560.98944312995
526,168809.90915170635,174565.9439301949,172492.9416691483
527,166086.0579594144,176999.54747589276,177501.96437180066
528,182832.41364217244,197105.98213244436,193811.407605213
529,198509.07720034357,215252.26639332942,216251.03293061772
530,214465.96011408823,207255.65870612347,216510.32777254473
531,207551.2327980923,206940.2019736018,205235.01162394037
532,160254.1868617818,173907.2188996396,168764.89789535565
533,223396.75116374218,230454.30381538332,231657.8996355254
534,172889.15899653238,180073.51066052337,177291.02416420414
535,232142.91907503566,250059.8702061108,247045.61303093843
536,272891.5676474938,298970.3842293413,300787.58214532264
537,275967.849219926,303095.71987011336,287139.492528319
538,241201.36081206,250940.44897911057,251125.24308463294
539,279308.071252757,288068.3011627769,290387.12421862327
540,251111.07275385066,256818.5498388197,253019.3559926836
541,214589.2779225064,237568.78082501414,224851.98038109357
542,229667.00671096455,245637.19309417022,235374.692110366
543,262865.1787574404,247856.29463595795,258498.38361858134
544,204243.69556569832,220687.70724564278,210874.1651362009
545,196258.81649785378,199064.71183230806,195889.6388663083
546,221564.99087010324,242277.2195222237,233335.77270193474
547,203807.1857856318,186373.52009800353,186485.95456737396
548,186448.92662579383,194446.04074523118,189105.68819911062
549,188202.8707065328,192241.67106559168,187126.0613018953
550,131870.82380512368,136043.63477882565,131228.01481441013
551,155689.24952812755,168452.52901374426,160702.80899590868
552,171357.57091200858,181132.18689936158,175254.49648803088
553,187006.33953118298,193652.39597542604,186456.50835163187
554,196335.0614554198,197717.874198686,191567.1701915642
555,180411.53940741436,191310.61965170727,184594.04664160244
556,197389.3685969725,203059.9135556678,200157.27736402708
557,114648.95347579164,125278.11321814993,124480.86945918511
558,130629.36162175235,127340.10675049352,128000.66809639236
559,113071.14353062017,116802.82676862132,110360.9077058471
560,100992.02385405016,114520.09241683308,108818.56142207533
561,178485.25662998232,169582.21310797334,163231.34241958527
562,149222.7739110095,154506.14742996616,148505.33850011227
563,247472.93314132703,245619.0682247127,249218.43364609423
564,316505.5671547343,329463.1684498318,327992.75975888845
565,162487.88098520413,178212.52182025963,174978.2008333128
566,146941.81523016634,154409.92980566452,154014.30428825843
567,145676.73432021443,155018.12336702834,149647.85858708833
568,152725.62794630672,167178.5275646887,164695.49343126692
569,246436.3666622107,258360.2789819917,249732.7728122857
570,217105.8067910641,213141.31782515015,210986.49339049097
571,226724.71378712123,227622.0359155697,225097.01139313745
572,233225.3329218175,246231.23156343366,240934.49510981177
573,159370.2100577044,167410.3820635195,164251.15714168802
574,199105.54599214866,195609.760542755,191563.3366427392
575,190644.93595224444,191763.1649725937,183431.97260805903
576,190681.5680846479,193190.4523822791,183711.13069624873
577,291159.9126681006,271626.5707656722,262658.2596464904
578,211479.1864153113,189957.19960159255,194503.60433790498
579,275141.5852315567,326834.76063385664,313065.4690620527
580,292293.30581293773,262457.8163875094,264275.66933252173
581,183601.90259465552,196053.41503380012,189788.0001378028
582,170099.2000345055,165520.9875180104,159411.61876197628
583,166050.0374594864,175145.3655838287,166676.74414876345
584,207049.0438587636,205424.59251515486,199735.48558171862
585,136843.03397087206,136197.96992127845,134651.38354359954
586,141425.68630923243,141898.37542479765,141116.43861273624
587,134532.58076995204,130979.25489464535,128741.46124511109
588,141896.50218216568,136024.0663433876,130394.83823742626
589,176023.90006431472,176391.48425915287,169735.83204689427
590,100195.72680577611,103496.27018480512,104190.55583161695
591,116342.09972797643,132310.77409842433,125139.5712056078
592,142772.3039654835,137000.27520140028,131920.74238057222
593,88112.96638479603,84979.08777761683,83912.3456376837
594,150371.03446501648,156589.68662346125,151827.70309743745
595,153327.11322754805,137000.46021588153,139091.02447809486
596,108342.34320343817,119561.28268766908,116653.72652418009
597,211374.81072615314,219915.83076999473,226428.7894996026
598,125381.99631293546,136752.22435711176,133635.29238039767
599,166835.65926686485,163254.65160174746,158917.98960212694
600,176876.45768010704,172255.6578904092,167070.9858192507
601,119443.84890554134,131983.33364446834,125110.09175776361
602,113782.20884151504,113971.95416820863,111578.93297193457
603,129481.47394455825,133199.38378861966,129069.07449745637
604,113846.21651351829,114594.07483350702,111529.18211755742
605,160681.33527225864,164830.574251721,158752.24231989455
606,105972.7994784676,130597.77297837187,128618.93542168594
607,140324.3427779404,138005.56048349693,132145.55634650757
608,78838.8210047557,81527.98640080521,79779.34991705691
609,109965.29215817057,106581.22351747009,104533.4034294246
610,86981.45750851407,90952.74047385309,92150.85163936605
611,142844.53019659914,141310.08006843316,136491.48103512177
612,130403.01479545671,136200.5546386114,133717.0688473571
613,184543.77622454127,175083.78677473174,174680.60956279867
614,143330.64900797402,134310.6284033024,130572.12794551552
615,113856.79809446061,113425.40465855325,111874.2128537536
616,141394.59592248464,143707.62850795727,140915.97460110244
617,111483.14228925528,120999.08713241281,121407.1029438898
618,133471.46185323957,131306.18461409863,127661.65867583205
619,114799.33368773366,115077.41003832045,112082.59171175175
620,119613.54273867907,125129.34458589923,121731.96967096544
621,107798.76418082934,128403.87477950234,121707.54923904291
622,140691.6492005114,141417.89613430732,141455.33112803308
623,99595.69088965737,105333.60852168601,99451.27427509565
624,108740.13437903253,122580.02406254488,114693.76481797468
625,115744.27786568918,102565.96054186164,104230.70441339568
626,129386.4685706386,124243.18033625529,124879.21745763464
627,105773.96274510035,111990.67494359268,110991.6546162561
628,74296.93766997592,87965.62661755171,80660.41996664408
629,135467.8159920571,137790.83151469487,136724.8131564753
630,106970.6325089742,124273.57038658421,124594.24436689868
631,123518.80055208418,131055.97865982131,129571.9246606504
632,123421.220986913,142446.07790470656,131739.05005015252
633,113841.66406284882,125515.28315303342,124139.76351165604
634,150425.40617328553,149742.8017571963,148150.8708152517
635,87398.16182520709,90105.49540382037,88947.55727199465
636,110376.85195424662,100256.36590675257,100464.9929492084
637,145404.54742568178,142823.2870717182,140486.2927394751
638,52318.58977915344,60389.02118875678,55985.1149161866
639,72036.0017278326,105161.6958660765,97258.97851693048
640,119772.04310600813,127297.59102104376,123613.21070569655
641,146649.71985398603,140525.9622339887,138773.0006674562
642,106283.98796695827,104029.68736963431,107073.78644706956
643,156622.63765796123,145421.43545278994,139649.89431950363
644,134127.2839364726,128250.49624665685,131896.92257514526
645,59309.73633851161,80609.34963198459,75338.08485969027
646,220337.64460627086,215152.79697256375,214847.4559264022
647,110657.93043786047,114642.23705336053,112956.30198440433
648,104915.85869772536,103193.14959749609,98372.42694341531
649,130343.05735036929,130235.43248036479,123591.93108532012
650,152102.2302887287,148898.42892840903,138285.9563001731
651,137649.34398223946,141889.90373170987,138254.25116689372
652,123786.37957070724,121555.19961033907,122495.03329296241
653,141084.03513661845,117116.70515403023,118357.21377151208
654,165055.48910806884,158171.1115434051,152061.28762384228
655,125625.76568980698,115796.85044412012,119734.93885589599
656,151440.18744508224,143793.10238120315,141603.27280359986
657,124496.00588839196,124049.12851129894,125488.65823988323
658,116367.57617229647,109857.32748533465,109761.18739788755
659,122735.22792221767,121633.86623623008,125451.60259420308
660,85142.2154056533,89787.02772401777,88312.33328275075
661,113724.66147963061,105306.56517375162,105081.76314858334
662,76162.78795056323,90219.69068356375,91119.45397825805
663,165350.4276365169,167887.21618732385,153946.00436058038
664,138549.63161852237,135955.16472229353,129410.08499970112
665,152955.28568178933,153214.46796135162,143147.585139402
666,175866.54668665264,150539.62661170683,145507.09557508025
667,136623.1122127276,135918.21176999545,134423.86334234517
668,100223.49293101385,99266.50868598187,98365.40203918547
669,139755.85800724456,142382.20476562262,141673.63747874214
670,151579.5703479998,156555.75969242252,146802.04868758735
671,140439.7129239862,122080.09109428963,115422.17689063695
672,126291.18074784467,122332.7572498016,120150.02961183919
673,129405.81274510857,121591.86198824638,121917.99150388708
674,97697.87704122307,96880.64557436934,95222.11899273288
675,80672.58420185535,90424.16210176825,88926.77631344023
676,109724.21815359083,118544.03014741516,114042.7690542659
677,139601.4442202666,138426.48709343196,135476.42058103785
678,144488.72881606864,145544.28518224778,140747.8990106625
679,138991.60972975157,129865.25198801952,126939.05680441331
680,160451.28199441408,134530.22619059903,139463.30976614883
681,119264.62470508536,128285.60622554712,130035.04403832988
682,136171.296099132,141845.41462719615,137317.4897541194
683,131435.19932780066,122424.60213992126,118970.3538876985
684,135320.2825419267,131889.99331075052,129358.52556466489
685,172804.25478100867,152613.8559481036,156289.4129416819
686,144320.0383401606,153623.2648641362,145362.79008960628
687,142829.62154783786,139405.44138006278,137452.42632933633
688,150936.83467490805,131762.94292978814,131251.6351943106
689,216529.92923265835,207776.46768806755,196696.28675463
690,110870.74880747672,113678.12391904958,105048.611350601
691,169635.27052106147,164172.50885094685,160596.45941155462
692,156855.93439449547,160194.0823448858,152232.29814908034
693,104776.16705058813,105616.47053022246,107857.21859055194
694,142785.19581516276,128722.4352244608,133525.1762362996
695,247106.00650950012,238803.9211959028,244269.12188988057
696,225696.25062082347,230827.128883321,220853.3707208714
697,225055.2363088165,236409.7585860003,237337.01362001584
698,207394.05311876888,211054.8352322907,210976.0721232047
699,176904.6379497501,172281.80176411677,176361.70603188238
700,217313.81748274236,240225.1608247795,232771.22624396748
701,329350.06307024317,359160.58989806625,352765.8905056572
702,317520.2480082417,332087.70057922305,331777.94384090253
703,239314.51399152091,235088.80163154358,226207.93487679862
704,191850.14375971485,176178.21260919006,175866.70393811906
705,142412.82966334638,138678.93075109282,131323.34299117624
706,200883.78209642024,197620.7937230963,187857.346971016
707,187711.58327405076,197174.01588772328,192800.3723300539
708,189034.29385060206,193354.43446707257,188836.14331643266
709,203520.68880509486,212871.71737749522,207290.512140945
710,151146.08332345195,144053.51345040268,140798.02657117497
711,136710.4552042789,134635.37523803284,130154.91448984796
712,149530.56015759346,156907.7164719166,152603.29252269113
713,211030.19012491277,233681.48485914798,229900.39201948498
714,273828.23066310736,264431.7269318627,257067.33074903855
715,273137.0331381138,294495.3548354942,286509.05483930523
716,217498.74693015037,247415.2898308722,242685.1215428267
717,205020.84769567702,202068.6883116968,202333.7940874744
718,133448.43465034218,142891.26609001527,143979.00883448665
719,210348.08156253354,202064.51372694527,203780.47177842745
720,183491.20090783513,193511.19655939288,187895.38956833506
721,206067.31236671636,222180.37618338174,200851.24586148077
722,177178.76694628622,189667.92065711017,183490.75268279386
723,120729.05190832731,128623.5482908755,122644.51861316735
724,122616.97810614428,124225.00437358904,125365.96190272893
725,142433.15730035116,136331.32081355693,129524.26617932296
726,148100.30105371124,143471.30101471394,143172.17557673447
727,154797.0596291305,151179.0458299148,148135.04628154382
728,286887.9554832647,220230.60168284035,244946.85376985074
729,75265.68098131046,80689.13850912424,77155.43777851465
730,76129.89152537489,84093.70646245524,81837.37584472087
731,85888.35412602054,89901.56059284908,86972.56107936939
732,104932.26262706428,99700.65000400381,101435.9206132017
733,102547.03859756069,98514.84936048364,102145.89920743035
734,102995.75849966805,110468.14677090787,110969.39843889691
735,108388.26478306344,107320.33236155666,106377.86186336768
736,122438.354938717,126504.87244003887,126122.22305617516
737,165654.340958405,155792.97700092327,146666.91806195665
738,201599.17108930388,177119.4333585138,169817.94605170618
739,140864.43170615923,129868.48161950232,133988.62209447112
740,141035.4018859161,129452.78797554158,130229.83044842782
741,205875.58021768523,173826.6282168193,180212.15394643485
742,130394.14378740005,140897.2316073303,132212.6248916192
743,161295.31601838162,170510.4742553359,167961.43552934483
744,115527.54938445012,118190.73318650194,110590.09387653836
745,123290.54222197515,129132.8466306769,124766.59889958787
746,194632.57058292264,175287.2668679763,170401.4104203666
747,249519.46814568635,225333.73892037154,228979.787052086
748,198303.30140179713,182074.56555972024,179077.56061234637
749,114377.02043772924,116781.58626902023,124619.53482635964
750,127234.99077717977,119409.26663517124,118583.64263134083
751,118763.71892207096,112308.39837336374,111320.68659659683
752,104970.15779981021,104714.41378118315,105483.3567694769
753,123216.10671219602,140255.6941613701,140110.10601356172
754,105423.12518068092,104755.16153998513,107459.17488563055
755,147199.6518835492,149877.95390534322,145996.8211058997
756,59788.19219747048,73026.45867310694,74072.87722169276
757,102183.70810626169,90213.88964595317,95533.52128044334
758,89629.54742172241,81171.63176858764,84227.28752116143
759,82003.06092659975,84140.12443203836,80501.58840285386
760,276525.28242078534,283430.448733793,285321.0417820419
761,241361.3540053567,260631.415018885,252290.8267407152
762,268792.7041175425,286049.00357850327,264915.60453860584
763,196367.22649268692,206123.7045436032,201674.96086410046
764,123235.51557453246,131358.26905564498,122585.47053230437
765,175817.46372948322,176248.02781902262,173933.05836169567
766,196458.9056394078,206982.5483020814,202571.58476297712
767,238291.6504892801,258057.33341065064,239141.04403938528
768,251617.29199251375,227364.7595666909,239002.96630041738
769,130342.84285444526,151053.2086415035,147113.12476132685
770,202186.54926697153,202130.3739086782,201572.64055698685
771,167225.26301294076,176229.96842207547,178818.11243850956
772,178107.70994343155,173758.63542895566,171442.58302235825
773,229547.19323414267,226565.0131818336,227499.38894345818
774,197652.96823204344,214484.64398186488,201808.06921565894
775,245141.12345988702,262851.2269750875,253149.50751626445
776,279865.0055149052,320412.7756435145,315297.51615448727
777,195998.96306090575,192001.88029480388,188869.85946157703
778,108953.30792869604,107091.58230157949,100858.33852605915
779,156454.92069002165,160615.26296200015,157855.34751133033
780,147368.7007084532,148964.02184828135,141803.17905205462
781,132975.94175066074,131726.6810339477,134060.16145176243
782,142311.74805787668,137056.3162895892,143089.28631395721
783,112061.48639344737,107965.6260178121,114457.73382112548
784,105610.7175002158,103355.2980186138,111078.7246149301
785,140558.15406106663,134873.47628149707,134814.2344556846
786,122049.16679851316,112222.14684354799,113833.6602329383
787,111734.87040151069,119682.55753674766,119052.66070542694
788,110307.03323949999,116635.8089727668,115070.18114699851
789,118237.50332105764,123672.62685407755,119496.43815885774
790,112866.83268576323,121925.71745906502,119269.21558681253
791,163147.09728368666,170871.17844151935,161716.95563354282
792,134891.9163620923,153662.01841997023,150115.73050227697
793,164364.6440012493,170205.60880732717,166975.6290388063
794,171999.77364877542,183496.74791134216,177109.27259019643
795,165831.92349579372,180416.54296823568,177127.14749109343
796,173953.05272915287,187488.02157263836,186565.19519109768
797,144989.51008477312,163945.19319813018,157523.6672931128
798,153403.92971456586,172377.46129318923,167692.5140559534
799,146223.47806476353,151174.0952282733,154050.85734051274
800,167891.46914495385,175016.46754422132,172360.41985364942
801,193352.84297881907,196269.39247043707,189173.6843444679
802,292493.65343304345,334357.88149476564,329700.601438188
803,378849.75208579196,418299.8914278126,402265.74977807904
804,153108.70210858338,161842.96301593474,168264.40383190548
805,244107.28936116103,273814.4055056961,271612.47061949194
806,270042.4558713944,313473.92457600846,311488.08991010487
807,353031.78756270587,363409.20812386257,353542.95080352935
808,147163.23698970128,161508.8594955314,154271.41972361374
809,182732.05297286838,180837.1905352517,183156.44819407578
810,192997.20300400088,219840.87119084757,208158.2660322234
811,192910.48889814503,202397.35601902477,192339.8750574924
812,149018.14197861767,158635.39075988298,150338.80200504948
813,159592.0417118335,173721.47019800261,170643.12145838258
814,151121.44926676629,162468.79438166504,161249.49757520977
815,176872.11923311555,185054.0526520922,176479.31097625734
816,176256.33723958876,177444.6402797748,176190.97327875326
817,126325.94323022799,138569.56644401635,134412.24415045153
818,109739.59498754346,116962.98314215096,118865.09993395166
819,110160.74005957904,113034.78780758833,115297.9167116276
820,148944.3551303665,180569.04048744528,177010.46864175945
821,176268.000398442,189315.87388317267,186881.6472392927
822,105090.03919866213,108873.25179646561,110807.43869553239
823,106199.57237739254,115586.63784586127,118779.06317414365
824,126388.8773700284,139659.89196032716,134243.54344325286
825,110312.05697823368,119286.94847632841,113778.51717377137
826,299319.0878246719,335696.471245658,326602.60198418534
827,235373.40882347996,266074.09637657244,247136.10910977097
828,295241.615637741,335403.3219049112,333481.56649506086
829,373810.31369261385,410112.35202673054,404861.7039734089
830,264049.5167461409,326489.17918192194,316730.0731892966
831,331811.31030268926,368959.30733929254,359509.6557291884
832,365098.56514747225,429641.86720091227,411666.35656920075
833,297255.24826966715,377333.07959137816,365195.2464929391
834,406023.82659501134,421406.49931601546,397703.49302552885
835,231751.2285701442,272475.5823850064,272471.9261532833
836,284212.1269764123,297441.48346283654,297737.1791065772
837,259162.32536088326,309015.9961976182,301179.3951566551
838,277701.5416805946,341164.02377152344,339605.0524453039
839,272866.7168652059,307373.1913225491,300875.2262209717
840,257940.97057372233,265006.71563257737,279082.40107666084
841,204573.89226560082,225272.419236459,212677.680258226
842,208851.06011923682,240079.39154567968,223893.874005284
843,208758.50863754572,239655.61569279342,222534.2471145125
844,173275.00023224813,188220.32745401812,187717.35553515042
845,162301.08772386794,185401.04108343815,179572.2053383016
846,173869.2503190244,190278.51317380922,182457.00380375035
847,185529.8512624557,224423.9094234131,213026.4245030535
848,239383.48927884476,267325.62167599506,254618.52473505994
849,188287.7118063831,195888.70265035031,197509.57549789854
850,177269.26454228768,202409.54094162013,196353.22576910123
851,154480.5389469901,172369.30042928463,178060.7159206719
852,148271.77608124612,173785.29643301916,170279.08384692713
853,154287.13804008788,168427.04933464606,164319.292914816
854,161933.35341255073,175677.0403568525,179720.41238043777
855,179084.78659535156,191485.4873445661,191444.40009581257
856,167394.67706007423,181592.72005675064,175612.1868403826
857,160101.28144914657,175157.58498153667,177679.9324733017
858,162938.27330437096,175887.7559054073,181272.92163719577
859,162839.0015492497,175077.4704648943,168571.62141631512
860,214102.67458856484,239518.05483562173,234400.98918842687
861,162380.34818423892,177352.8694618087,178328.92161279806
862,171385.5879258339,173505.62331000174,173702.3937021166
863,164425.9923876828,171005.344109925,180047.76260941886
864,193158.7669852586,219109.99534629818,218401.17528348233
865,155255.37511683366,167368.19219105868,164636.19585533315
866,178726.10191665703,212302.05104483082,209893.8161401775
867,198771.58310527157,218188.14356963403,219898.26657732177
868,171915.67729921854,179389.64344574924,175683.9384953711
869,154474.7325578824,172743.6893482559,168210.02644363567
870,282391.0321359027,315192.4067409832,312904.1658894572
871,323372.75418851356,368563.4718822324,364200.0554579798
872,265786.49358741683,299709.64183367504,287702.3191213121
873,211882.85030824237,256593.11050701226,247563.3505853134
874,230200.28971721217,262648.74067024316,259149.3737943034
875,249169.60284273996,297334.4828446807,283837.51746779826
876,170582.43444389818,188218.85689452238,184655.96437964737
877,231367.77915355237,252555.84169854573,251010.83361870685
878,187527.3286219505,231817.40780226875,220504.37713020126
879,350552.9952407342,362645.4029901052,337670.27310134575
880,193101.669090001,220631.3289490795,218725.69474457027
881,202997.13823894187,231321.47546786582,218462.88549962777
882,190980.37141825107,221745.16463524892,212719.95883128417
883,177502.50108513367,230883.9860149628,216665.72586002087
884,192390.35059707655,227046.9071155767,209890.52794552277
885,180650.51446271167,196316.61337101093,193639.59719000675
886,161751.69752049152,189658.36048282008,183870.03532978953
887,211398.27322782422,214912.7850918203,220641.7475138953
888,147449.5038494587,168164.28884997361,175686.6953478565
889,257988.19589697485,268027.2821046328,282733.339573664
890,224009.35803694883,246887.79585940682,246594.18861658403
891,210627.3972317861,243310.5617867562,234566.88098054993
892,196726.73748560774,244230.966770874,248547.36429537358
893,114086.8184773033,118347.09349731672,110597.96939651403
894,117806.06825626294,142413.16264401868,134402.54961094685
895,135166.61560331157,145051.44536607264,139946.96578851252
896,160241.17330706035,203968.53923298945,189380.71126921062
897,175509.28265069408,196652.09594157684,188915.18976370306
898,118448.18093591995,124922.76848681203,130299.14879216871
899,99657.829058637,117099.70491776668,109503.14785906512
900,127165.65224172935,135059.1056144249,130534.8192259484
901,247949.8483668875,266229.9024897843,257182.50314666014
902,120869.07950058779,135161.75448989705,131032.16017011709
903,161821.17857049912,144528.08699368348,151671.05901497946
904,198482.06931117145,211175.1815185155,208256.67103106686
905,170336.1463703398,179156.04515308607,183861.73759248108
906,198017.47612459396,224782.0883184406,214138.45459917202
907,181463.20286424147,201706.96003469033,204407.94464895906
908,188804.40642550666,223856.31877441818,211344.55269198574
909,143861.95553355906,164563.60046998784,164638.33801025545
910,140771.53498253453,168487.61851818263,167758.0362639958
911,163555.9037039877,175481.3961474261,168054.49313754705
912,245686.95437361626,249692.5553750952,246752.6811509562
913,253164.9335102935,274019.8141393327,269673.0036554347
914,216387.52923765682,234314.1050708657,239974.65048648283
915,251493.33554066293,264091.25448565144,243886.76804017538
916,286140.7754953114,287280.8062103411,285766.31927300285
917,124840.08198950336,143106.47539738636,138791.32233308614
918,184644.14212334104,185465.36805082957,176788.04914982643
919,148094.24937630352,143762.65689563076,142162.33636428879
920,150360.43455826322,163858.28105317755,155478.48831547276
921,182693.071473689,188830.55530324575,190660.3853562979
922,180638.52415346532,207951.70263210035,197901.5887495529
923,224532.18234088438,240407.88239023648,241894.03903360362
924,149664.82495823212,148688.18464533126,148899.02354985912
925,122932.50359485629,136666.2608574058,133480.41335658592
926,118231.601193752,130557.53464608168,125257.27368299216
927,101762.27500352496,95109.64861419534,100487.66394300714
928,113049.50814768391,123865.33085662274,123071.8176763615
929,127324.79501087991,140984.49590054632,138880.3047432842
930,121606.01808602341,126501.39089057772,127827.03172657019
931,102503.17219096088,106716.24060043208,100805.82281585028
932,152870.0849726654,158399.37508868304,150051.13204602833
933,130249.86784516467,144422.2219269152,139626.54103659122
934,182221.82368747363,193405.8464708745,197211.8959307101
935,133894.62687712777,149226.43106802535,146633.25602175546
936,195209.2669971095,202837.50252623387,195148.09639531726
937,118338.83137868143,125381.27840931527,127744.88541461522
938,53135.10125959949,65847.09710948051,61576.01158812002
939,52388.617478304295,64577.70244880442,59828.57700274301
940,96381.5527434844,105986.37152820585,106437.8150224079
941,124886.28475375054,134813.69566275552,131184.3880133672
942,126255.26365283455,132338.85553847565,129882.71625539217
943,148782.6318822413,150176.21002388862,150802.87592568516
944,139017.4734156491,158943.27683402516,152223.96957794044
945,123083.68296073706,130391.23145934388,125580.71544168824
946,110228.43215686503,121010.6865014908,121732.00890231198
947,127396.41247871138,133827.0665198621,129736.25780696416
948,109531.79736507399,129708.82884439497,123688.76027960987
949,163016.10978618075,162300.23313914225,158440.8816112263
950,101787.09611231231,118237.77474583974,113830.91186024192
951,137308.95137090152,154264.798976676,147860.7312921439
952,114169.75726918419,133743.87113870448,126078.12981032878
953,138509.42158255583,127699.62516618652,124644.15000644604
954,119728.65068792796,130225.1082595188,123881.6784687683
955,112261.8739112265,119307.61817304417,118976.90755533813
956,121424.07073057056,127920.88680390098,122440.60557537769
957,115910.09742179982,121501.4569143709,117396.55703023597
958,110487.75298657839,128580.7044042347,123685.06777711777
959,105769.99582118858,123267.34135741323,121140.64881004266
960,143300.4156566715,150427.40941972038,142060.74682222668
961,96603.50009463873,109792.50954449108,105871.74340205829
962,105387.56408510891,124855.78951586195,124031.15496955467
963,146305.17173871503,156070.5462608787,149826.66282099334
964,180631.16988833738,205160.13774785915,198120.71519224148
965,126459.30115569726,130497.83656217612,130550.30812305945
966,132819.29184449403,137959.66940117907,139305.24052114802
967,162262.55896709365,168351.26862210978,163617.69113842805
968,110592.79931666187,118574.71958042565,116487.24711247599
969,120014.35981958438,123454.09052590148,120641.07596790532
970,93031.64427760922,117905.65434956105,111075.60312226927
971,124041.38842570268,126034.95534372091,126876.68703315422
972,118804.67356758297,132444.65887324137,131207.06269982614
973,114776.34359796738,132639.9732043762,126808.29759629496
974,128449.46434480936,142401.99332243815,140324.6745512373
975,89682.1268716538,102394.28005938299,103652.37570813642
976,93281.74515316804,103658.71677843598,101700.22784672132
977,109799.24707281619,124150.39075779723,122717.44469256587
978,104144.30589230168,115884.78261361236,115205.06685711788
979,125571.81696584148,126749.16737902196,125756.294005786
980,87828.49568814499,107472.63282858995,97634.9726966523
981,95734.6417645349,108827.20867284792,109451.80793879938
982,118687.19066104363,116739.87070240475,119136.92058887903
983,143275.02472785988,128133.41737403953,136426.27121592083
984,92914.39273741932,94207.7434297261,92455.57888614055
985,132712.5042339834,133382.8641685742,131146.1371325895
986,195333.6686129074,177254.5120953174,175139.7939428131
987,145026.64782991746,146423.54419587925,143285.25428968258
988,117285.83194399391,111047.87315586439,111403.73606960276
989,155238.49475704305,154990.21886710313,153122.89697444084
990,138649.9630421074,132566.35765977108,136394.68212195276
991,200840.79285729592,208263.76595491753,208427.08074078598
992,80955.27222698853,92362.75435946893,90119.82313640545
993,112228.0517616416,116838.64632433248,121763.01982144805
994,103699.65198330642,112847.25426833871,111109.56554463941
995,129606.38514741961,132309.49717258554,127916.938909825
996,119076.84693024257,120229.57745548479,121474.2274740863
997,120033.31962139596,118669.57238652876,125431.72759086982
998,96812.75479291826,108924.00027333888,108839.02613057094
999,133202.34816708657,145340.85401937825,139706.10131071272
1000,123122.08245301295,118201.0659767582,119944.6101750288
1001,126499.09951723964,135487.2020009676,136168.1451946568
1002,125101.4360181644,127945.7594583226,124832.22468318995
1003,169020.5455276221,160594.0666018632,161509.53029728986
1004,134007.88293410302,130520.72370209033,131132.85910277936
1005,100733.70855746263,115602.31913424887,108386.65212005733
1006,144301.7974184273,153170.75117350044,151423.57300965948
1007,86889.38422771607,93717.4053572906,86030.46032038439
1008,82398.37234725892,98718.60620451727,83775.16971434576
1009,185962.2419045757,190006.5098592154,187796.88335838387
1010,202936.76616438082,194435.01459995855,192559.2772192472
1011,158774.56364299092,168904.9399081731,164021.65498382787
1012,118992.78759606562,125320.55003525259,123735.9031541234
1013,79451.60829628624,104030.99752322453,91742.18408662656
1014,214303.5900303642,216228.55058836236,207694.78015116727
1015,106916.23991086593,115414.63051512641,113717.82974103044
1016,120176.92944388337,129293.62054721137,126321.75681712579
1017,144524.42551906442,160477.25320870755,157726.52636685895
1018,97207.86476024949,110824.01255613595,103041.29221593877
1019,144233.15583531864,140381.6230638294,142527.50646338836
1020,114251.92791188107,125098.69550660158,124946.28838223335
1021,119992.01429301436,133785.84474013344,133284.24100951673
1022,101124.86096132162,111451.27450442182,112849.27565569781
1023,106421.6842337073,124886.98065921864,119248.05225377809
1024,112796.01037407001,120789.13734542001,119691.03992047305
1025,133391.05148060102,149375.30968282904,150030.04015078052
1026,161950.15116892563,196811.3624276631,198407.64352326668
1027,160086.89991297066,145412.61100230477,144742.17958951968
1028,137443.3148353199,149405.43888423077,154403.71620329312
1029,131288.8842528035,142529.17380828934,141423.10070475415
1030,80613.98759002842,89363.26801343856,92271.09492924184
1031,168863.5475235356,170391.79645894165,169346.81801132407
1032,146160.88413687344,141138.1759256835,140351.10179408005
1033,132037.43769728485,154827.30378278776,147955.57454085795
1034,80360.56758684742,101705.12968830606,97659.37960744373
1035,210522.15754682958,225060.9814870879,230157.13318893066
1036,146336.57119648522,152390.9255383705,146758.15087783383
1037,93044.87118120475,109424.16802594025,106271.38920812802
1038,77185.93206585938,89359.22601484956,96472.30079081336
1039,113166.6110636261,131747.1065460837,128447.45386511124
1040,126583.186536703,131427.98818718776,128380.17843090641
1041,139657.65756755992,150397.80091119098,143086.891098387
1042,94205.14661180857,111671.04475436834,100690.63364998181
1043,164578.4037012766,177245.64236779715,169303.13939545397
1044,194244.94887592574,220259.36947110918,221708.5637799364
1045,219124.0372135877,249150.03630216946,249423.03696436662
1046,258777.7162633146,299397.70069531596,269275.6480507539
1047,221226.10727566475,249155.95409198507,248876.22171894435
1048,189798.21191605358,220273.4616326836,201638.52407307306
1049,192322.33164405232,224520.4485892071,213890.02669841715
1050,148060.23299723963,180576.09667618285,170124.21934919737
1051,175040.5496202702,206232.92316297686,199700.8266102022
1052,211665.56613964273,216305.58080939492,216855.68086503068
1053,228652.52148141692,222327.0395920077,233977.7707476336
1054,124175.56357098049,139414.04681582717,129717.03147641616
1055,155034.07490596775,159334.82683026392,159413.4043059929
1056,123228.40942048277,126294.70871046396,126657.44441626509
1057,132519.0419498284,140143.23226852829,138888.79165613293
1058,205793.44838777455,216591.37091705474,219568.96134238865
1059,191112.18641989538,200022.52490091737,199137.89102302658
1060,165864.5057625312,192032.11256627893,186640.0436763792
1061,201257.6134792861,215033.6601894565,215785.80521238782
1062,108383.36827266282,122654.96712483907,118866.93937043531
1063,121467.43874651044,138726.08843374514,138507.69545337223
1064,128354.63612981049,139000.48930965696,134878.65900047452
1065,123569.56674774765,132023.83529277417,126474.94660597421
1066,107930.91587389614,113043.2845329929,111113.35248352416
1067,108694.25435313981,119750.04202105729,116476.4162394889
1068,111939.62148398974,129500.20805983836,125971.94393933212
1069,105458.21839643182,104020.19077993766,104648.50794900263
1070,210704.90940163258,236578.48917040936,228957.96752177348
1071,201067.67012287877,225529.01980673632,223011.02732850506
1072,167661.98504653954,196781.77185847526,189566.30735802578
1073,216415.8115325708,232343.35026199906,227023.29305557552
1074,257809.2244209528,284873.5636767663,278762.45951697644
1075,208904.4009517607,223915.80755578383,226258.61460907376
1076,209014.18014527392,210444.7354556814,213644.3032370945
1077,162287.39897246056,179742.64203555978,183425.37371258493
1078,170124.4609229457,180018.71884807592,172282.3672491662
1079,156846.36842607564,178770.149389963,177721.41273203996
1080,155716.91679139956,175374.0449010107,174408.87646310136
1081,141421.39244913092,167531.52853098477,166526.11735915518
1082,121759.93293004706,129962.1007638708,130440.8990975034
1083,104700.81679680331,117191.00251384336,109960.34253454517
1084,126907.31728816334,141789.22161338932,140385.3334486622
1085,115677.85894248752,136004.65536318562,129389.37540138506
1086,131703.88198369142,132331.86058707026,130901.09683840096
1087,144862.1159256001,151939.8123666315,149326.6733357196
1088,134773.0181445768,158217.6798635142,158033.87968044606
1089,666302.3649632953,526969.5572078417,535264.5956214427
1090,130157.34452758588,141869.61010902934,141766.27412908056
1091,111547.5948169,116341.15954586801,114072.08060237337
1092,63897.0986377949,83110.09604892862,79790.97979504627
1093,87663.62998455043,114926.49092247534,106360.91341570472
1094,122320.36391163929,114709.57824753992,119595.96222392975
1095,86277.4197657214,99564.34736735867,98315.55905914717
1096,88053.73782658495,109087.7053204913,103183.77878012483
1097,133470.89127193717,157006.9627206994,148205.0041247148
1098,120071.92648303098,128821.91684422253,124854.08161681368
1099,139430.27212171047,125849.38381748911,130646.48293648
1100,133942.1765680364,130319.75545810898,130622.62927605463
1101,119718.33702027211,123837.60002831239,123957.33786310814
1102,129239.37983871323,136701.94260676243,139182.31650152296
1103,168955.30361170403,175281.0986526262,177309.50441688966
1104,106021.26995700136,119612.85997627846,129165.89654143667
1105,138814.35489808244,154206.56427986498,156192.58278942396
1106,117403.140260059,128982.20323187983,125943.89839440525
1107,165534.99434495973,173771.5238635263,173383.72131395992
1108,186063.4797182094,180150.49528444678,175422.1455930348
1109,107508.37198016804,116460.22684216296,124566.4961928774
1110,145765.7266026608,171057.1241039302,169572.22782520344
1111,147235.24399392062,148780.76307736099,146188.3571815242
1112,194051.83776257306,200434.35606602702,190953.4631502274
1113,248612.0695705551,253102.06200504568,251822.7057941108
1114,131540.397642736,126606.42462831087,126408.14844076447
1115,115950.76583261162,133096.25926004935,133856.01174804306
1116,140764.82582729688,156083.58113743397,153811.75684913943
1117,82444.45600058638,93854.10214744987,94167.90880798163
1118,51383.08170547888,75483.62099642641,72919.8289231724
1119,105171.76341670837,133651.7344987394,127968.23358940496
1120,113114.69699660585,124635.66399316484,121301.89017784451
1121,127073.3597725109,120591.04292704395,119325.20274591508
1122,250020.76475196693,255641.80995170362,256692.59164744735
1123,169607.6391463711,171914.52402168783,167100.64192116298
1124,166829.7419719474,186062.16856585845,183837.47872224596
1125,190739.54026384113,205234.1232116487,200078.11356606477
1126,180543.13823127173,192117.04912234552,178813.39642404238
1127,128356.04421470485,135007.47476878396,128876.22221620433
1128,135931.7608301381,142602.33515685433,136113.76786067194
1129,195492.72264207152,217864.22666680906,216397.8885054449
1130,205872.68871145154,204756.0849921141,210971.47392864677
1131,186485.9025468991,230776.25224270317,210120.14847604115
1132,224093.64489661017,242856.25506676678,240715.75572526036
1133,164198.42851600843,171432.38741317665,163543.7144617275
1134,178243.19221644037,189157.25628893828,179774.38181469814
1135,254713.19757452642,299367.4516654913,289139.41624222085
1136,157671.8879636229,184899.80732477971,178822.49847646392
1137,249108.59684885072,275528.83559701516,272011.2526298222
1138,286118.02502961823,324738.10375659686,303765.3408753853
1139,143826.24711083158,123740.87608264663,122725.66042403331
1140,131790.00465289783,139239.03545136543,140846.98650549576
1141,83482.91383852556,95504.40102408334,94430.69216079306
1142,92708.2830836479,102071.8343222866,106764.8756564276
1143,85730.85648639862,95338.05820872611,97013.57701954196
1144,80047.77362856144,91093.69795776195,92729.7369092798
1145,134060.76252042197,144108.04230299656,146960.17607593798
1146,184718.66525615763,183601.8960091603,180083.27349349606
1147,168819.0288884025,186502.17929199422,181816.0355060256
1148,151938.78441921592,160911.88933324188,157659.5307519552
1149,100726.19769722885,109838.14693746825,110534.92022910288
1150,118125.1601821029,129891.56573469189,122006.581158466
1151,140748.24484641443,147005.58010570504,141402.05712060866
1152,115554.37823608202,124777.34437261501,122026.96483937824
1153,107947.63182102179,121588.58755873558,117999.93637300028
1154,143005.7241758624,153274.27348987188,146911.71925531828
1155,127617.74037036902,133839.09835300467,137091.27801806555
1156,158881.4267218065,168144.4221942953,160387.60199014898
1157,196720.11779217503,188314.19870567246,191909.6169790593
1158,186098.41455991086,203378.72998936006,192540.50217609806
1159,159851.99991093142,172683.03210398913,172050.84155845112
1160,161021.25743852608,177687.13287082047,173305.11871586423
1161,162889.2176957239,179208.76647499186,177358.79826074193
1162,209415.88059106254,241422.2406725067,241477.49118731447
1163,265627.9205352733,298008.265421142,292468.36957032426
1164,250614.08092990782,281063.41077945725,259406.62411465638
1165,155308.9135903088,160039.83299296396,158068.42063175753
1166,139560.9107044987,163488.99877104143,158531.84705165683
1167,369489.57190558786,421131.01261122175,408373.7826308848
1168,408242.6284660483,460538.84400694474,453944.8684074885
1169,299744.8084711835,327347.17632825737,327715.31959841825
1170,371161.99207540095,443315.33467090706,424948.6723404104
1171,325616.91022602544,409898.8320576316,400120.4746974736
1172,253313.87883154434,286535.11971154204,281698.71805637045
1173,317316.46347715595,351890.7501648893,332801.2603790846
1174,149970.8252125579,150201.91294471713,150673.89472984202
1175,159641.85562626817,181080.84165679128,172067.2747346789
1176,156113.79104979857,166685.6403561028,165134.2471018456
1177,227655.41323100714,250873.30815513956,254060.09433791225
1178,178007.7030012846,189731.44719736755,179775.1240314201
1179,133785.7817766572,143059.2555328322,138317.58677338876
1180,91541.29519915686,103917.93814589932,99309.81497885213
1181,176746.29673930348,191394.22477987796,186403.14037224636
1182,98722.94364711309,109750.27946396948,111172.86061131627
1183,118433.82864767726,139669.92420761363,143334.8492539965
1184,106406.10807999072,107680.13829120908,112377.35309660419
1185,91869.61602310529,100392.2255278491,103227.04561216835
1186,100094.2257101862,108075.63289874476,109193.17407877596
1187,126175.52649907304,143160.78134002566,142679.6207064441
1188,133716.95794316748,141801.0017731885,138389.2884798834
1189,125943.64089817874,141978.1890334374,134052.8860402144
1190,128126.00851375319,159497.76782367824,153966.4802599653
1191,322986.98392897315,396608.9773770149,381590.26769688097
1192,211239.11166473114,234923.10331831418,227963.08130246424
1193,200191.69544539286,259299.8151935962,237599.31890509368
1194,299158.00254356774,338850.05749193043,341760.2002518175
1195,270875.0504066188,299489.55409696087,296048.3683887038
1196,294431.73062429513,317780.7046604981,329288.8923976924
1197,265212.14646849496,281199.3156285306,278653.86392329435
1198,252330.1575513377,294929.902948964,290961.1725738213
1199,303018.5535656005,331818.2060188986,330646.37847429095
1200,296029.8857319662,332950.7487517967,324061.9341935486
1201,286554.49147019413,329777.6449089433,316970.4360868843
1202,246801.73547331663,257474.85704873948,259775.68433927087
1203,231057.36485254517,267399.90152220085,256001.03299658137
1204,263028.78269083385,305813.4771482195,293968.3114635108
1205,243085.80804191055,280214.1977996155,277653.8263732178
1206,156031.48088775793,172726.84741736183,173160.8151938853
1207,160066.3427358211,179656.83104961182,182920.26401947273
1208,162936.851976779,177963.94000601326,174688.24020391406
1209,250690.9188078153,284892.87092507497,275742.97958076384
1210,167208.9699758962,180324.11065639395,185101.86168303102
1211,183237.42247361457,191688.54042756555,199189.91532297383
1212,182307.56667820323,206151.1572025691,202897.33280408062
1213,182116.75818223762,210576.9558688136,201337.7717602721
1214,157316.5382793161,167522.18786469096,167560.15706233843
1215,172227.11704830395,187089.66559757854,183791.17676336566
1216,177296.2310661045,184900.04408483245,180744.31338808962
1217,219588.22516721292,257996.39774936202,244958.8966603951
1218,235565.12403407364,250373.71109290916,246178.93341498045
1219,242570.12532953525,262904.4688541835,256434.052227389
1220,315905.94929237076,364334.20927584986,352759.59134299716
1221,262402.071764586,305894.93134409253,290059.6753295317
1222,373080.18117692566,452906.94959744223,467065.18022052106
1223,265335.4745675577,295338.88667765004,289616.5537887667
1224,282683.7087851621,318152.69277472683,310989.996457046
1225,223442.02495791824,253093.11139312654,251662.68608077065
1226,243404.6660910132,284750.2749133789,288051.4582239074
1227,189426.61213570178,224205.30453158246,215512.37086734813
1228,177172.27227187282,190000.8456334922,188804.9448368363
1229,345811.8134020126,426958.2792432655,420923.1249288156
1230,155042.2598872622,186519.50577909086,180744.92623861931
1231,117266.87883194289,126172.97709226343,121821.13273022739
1232,178288.35650670988,194734.33897449268,185683.36819126707
1233,122735.6771505084,124673.66700193612,121513.26927225506
1234,167775.38404333597,193154.76749903828,187273.61904773756
1235,161156.63393585576,183767.5080088297,180132.1522222457
1236,154078.73630305033,173913.3124471838,173961.16059841204
1237,171581.08488055866,201755.12379483154,193207.38605257415
1238,160140.6076913706,183599.80305696753,175268.00496663307
1239,145619.87805399764,168182.31760592203,160605.2799618626
1240,141869.7723197331,157258.7469479792,153950.32842892644
1241,104675.33027677286,118420.24958238803,109498.92946342973
1242,121594.79046578985,129366.88874811912,123507.82531102822
1243,129974.21740052554,132277.0961907076,132158.61131825252
1244,104275.20256177924,119140.79923401587,116336.41432242027
1245,99897.10126127573,113484.29203264599,113190.18792234358
1246,118871.89715924866,129786.55214265482,124996.28463016971
1247,116294.21163672274,125906.42166133253,121748.78280129071
1248,92193.77395790073,101328.99302210056,96299.28300770347
1249,107716.0703049966,118499.70235099185,120526.25421415704
1250,262782.74076065986,261233.25766973934,265108.53489220445
1251,305726.82797420124,346780.4558582492,351660.85315789067
1252,143903.6483458907,166369.58834633286,165651.95753046012
1253,123713.98045874872,154047.06623148645,153349.16636681126
1254,144223.5650232661,168265.93167775008,166069.7697586597
1255,126694.14527395501,152194.78554217797,151621.8683703829
1256,158700.27727339117,174789.40814694762,175762.0086909228
1257,192672.10896888774,225832.0520558606,215527.1568998467
1258,141810.2558982244,155424.13607278976,155926.31534590712
1259,158554.57347885476,165874.14079476395,158875.29796776193
1260,116192.44513683819,136844.54020047607,131602.5531097794
1261,152625.75144525483,162653.74981604746,161129.59617376057
1262,144142.61920682425,140022.89641491417,144024.9955377701
1263,116888.08977525555,129319.66579918501,129433.38168747076
1264,112652.8330532448,128838.88403724467,126413.69568496014
1265,133154.07712192656,139042.51818242762,139395.44588754358
1266,167386.66780486706,177917.7307946378,174452.0742711486
1267,171639.0960936838,164955.43904096357,162881.80269810697
1268,135176.95340777165,150003.8091432436,149029.91445710114
1269,133128.45735960212,135974.42603593844,133408.36178778432
1270,118849.16987354028,119722.14724299245,119880.5126906349
1271,111780.4826153847,112861.2563046218,115149.86236704078
1272,139410.15555687787,158527.12236031314,156102.83163515708
1273,151870.57107524644,160897.6435264033,163053.80151872625
1274,125148.28538314484,135195.01533733422,130160.82236394295
1275,126095.17935206398,147383.46973499132,148407.27235125127
1276,103904.7773442899,119976.33649759123,114415.76051630962
1277,122476.80094691661,131017.87712419228,128679.53829624326
1278,147780.93884014213,161611.45236254542,155678.69909680804
1279,117653.45308399286,122604.13972076631,122419.20773630426
1280,124217.32579719211,140908.251191429,137069.43120646835
1281,145071.8877078343,152271.67998082476,149280.88959057914
1282,141285.58409225737,149730.98778152975,142052.3259661587
1283,140177.30542997806,141829.4946869436,140408.27167319317
1284,138281.4370205447,135789.71829073122,130096.21991875552
1285,120947.83561459933,127880.44061512788,125492.72909653148
1286,134435.0458483309,141334.9748422427,143731.24989840403
1287,108620.1857832092,117029.36516793021,116810.8240929475
1288,110636.2974851088,120871.20877869654,123558.08501672064
1289,123542.56475386195,133700.99634912156,130553.61129440655
1290,113463.7925723647,123235.7523614619,120404.6076902492
1291,188226.94758481102,212065.65061366986,196727.86400030536
1292,129078.4699593967,141170.8279627925,137092.08134642924
1293,179048.62921900259,206851.56516607606,214264.78200083907
1294,119462.29007549598,128385.85670301695,124543.50409227655
1295,86449.39477121567,88647.3715421506,88776.11621637535
1296,61972.080602166774,72569.96009882099,68542.14117732993
1297,84133.1599191433,88529.87123483502,86701.93668389758
1298,157502.22937925401,154392.20494362738,157757.05430190478
1299,118850.76396630844,141213.7832320431,132304.61814430467
1300,132753.5705057973,146456.86552688983,145573.09626692213
1301,131118.3023099665,143872.93699721625,140026.5280719076
1302,170204.958012183,183650.76404099705,183394.9632630374
1303,143385.43686256296,147389.85756971207,145956.621889133
1304,267244.2396738854,244537.36131509495,246682.76290144556
1305,114611.55738971905,131201.98451548917,128433.90184567374
1306,74136.13547750075,84656.28424884223,85916.83466623168
1307,105734.98635960392,120891.5908175592,118436.05395804252
1308,105450.6448300821,119489.48573926743,119742.64049669124
1309,125603.5884762054,138108.36480688176,127618.65410845386
1310,95172.3795056886,115510.84462681871,111519.25926150556
1311,95995.65196089221,116331.25492650594,112020.06351516373
1312,171342.06117049718,153425.6961890548,167625.76641326427
1313,137480.57384923048,136398.35137623266,139428.40451931764
1314,112814.67209838155,133176.93381169112,129315.33069725045
1315,162931.55989618265,147259.493933196,144286.33415520098
1316,154160.82087407226,147146.47503680602,143609.653986544
1317,105400.81995742016,104619.75995661232,102228.4023689456
1318,119878.39929316493,132665.26987272967,130763.87807451123
1319,110278.0684572477,113748.47210506965,102095.66380811673
1320,93728.45123096996,100241.83115900755,98808.59254648314
1321,84023.87837064138,94681.30714925226,94187.90296818438
1322,96280.08027210337,111143.2146037844,107076.41021929102
1323,115281.55019771952,126299.48430299449,124261.70028118015
1324,129612.78800971975,139083.77592032103,138860.1654085623
1325,59198.23997400443,80848.79121583428,74943.2260263064
1326,114811.90596681948,116764.94224971886,113679.84815762566
1327,70327.62471060362,86490.00769945294,81692.521149235
1328,165835.26606890032,173623.05058032673,168351.50985237514
1329,88567.93169210419,98226.59277450209,96256.7921967222
1330,103668.07858822266,110079.50343711964,107627.9141156818
1331,62335.36118551212,80881.32723744359,72242.24955380894
1332,149682.29518965754,158220.91047626242,158013.9033312843
1333,89201.41191133534,104093.82053433411,107560.71817077824
1334,114440.3689767575,120118.56018203108,120005.55195260645
1335,87980.22450228897,99211.36814761443,94591.85460683913
1336,178761.407489492,186211.68969146608,180308.68916301298
1337,106640.14923731844,113358.75119007316,107550.78570118145
1338,110903.6547056279,113286.31813392206,117316.76125309101
1339,72166.57839068711,82169.54785221095,76405.6594562136
1340,101497.32106587311,112008.18309213797,112035.04529729013
1341,128917.24981461733,138232.42671666478,139903.84585318615
1342,144556.3559379274,145135.50628177816,148617.80298540517
1343,128025.17975083062,130372.07977151334,139616.28651723388
1344,95813.86556852695,96600.8977571823,101046.59383736587
1345,80506.44226074018,96024.41305847534,88912.41301014644
1346,135828.21628014397,141385.16065888395,136022.6673137341
1347,133760.04272051342,142973.67271375522,142190.07229774745
1348,119545.60826572106,130456.66287326023,126388.0005419619
1349,117103.91435595778,128974.69338871689,128828.1257862859
1350,147294.13610725806,157902.87893268405,156287.00598879214
1351,135481.10341988804,141970.2205028588,144591.4529293004
1352,137160.23785345486,159974.56487747887,161019.23585777712
1353,139684.62012280797,156071.54112581437,150394.0046959718
1354,79518.15776420252,98632.67315466698,96623.61778875515
1355,208733.97494306153,224672.166009447,214102.35690459408
1356,132774.2513912741,138112.46615758463,143346.61322697625
1357,124042.88121665877,130063.89817077418,129708.99109273766
1358,144226.1033516185,168664.53371117212,167227.35328795528
1359,123407.95321143132,142202.21564039186,138485.530191847
1360,93017.36341116093,110368.50414016459,106307.85381299975
1361,176705.62431139246,175281.1259582888,177936.35199631355
1362,283570.75699103525,237703.1275392949,254063.01454225855
1363,158046.99175972832,175672.55577988425,176222.9988654957
1364,132354.62349151235,128118.84597356139,139797.59590036527
1365,122177.77850482738,125934.38977219538,120822.5380876908
1366,126281.23103323817,137917.59055571043,132074.2174315077
1367,209413.40125421854,233826.27036133155,240490.5848876976
1368,210991.9627435456,185277.70206127522,184826.37002654365
1369,203113.98695181325,235477.21984758336,219796.01037293219
1370,164246.77201917916,178787.1969023553,170207.03761705765
1371,213488.64558506294,239775.3330740236,250510.7036997478
1372,253515.9204485617,271645.08600469533,259475.0494222853
1373,195194.51476016932,215950.80942607397,210358.42245208326
1374,197759.9241545495,227264.1202181706,213817.66445558786
1375,166504.70546791106,185630.97143606635,182174.79270322603
1376,156435.39860589302,157613.6605622896,152420.07771435438
1377,123525.79597262942,139869.18876307798,131294.97801742496
1378,154626.08865520533,176030.45441904117,176018.97953851285
1379,171573.92134489727,184250.0375324157,172174.14867295753
1380,181809.8712554632,201522.17227010077,197363.1469930673
1381,205419.8636529923,215222.9909875274,219057.9176008285
1382,135471.0738964468,143262.48497652798,143904.6822322038
1383,156713.92042334398,149330.44598540248,147092.81712163694
1384,108540.73271733943,114865.95123955347,110382.29666102698
1385,184195.99500383262,205691.00232645022,200232.59263865976
1386,179697.02353832452,183959.50267924118,186620.81149296596
1387,194203.09533325207,199451.61277325862,199867.9522885713
1388,171161.434553169,210881.4351359847,205783.171644009
1389,254313.94451571256,262411.1070246587,263087.1910093134
1390,201728.85130431395,233441.92262171573,233658.393830551
1391,215542.88039510837,226764.18575026278,219567.8150532879
1392,204812.73013782516,228895.41293630417,231290.2244253416
1393,127559.24856532032,141833.50586805385,142000.20894664133
1394,176788.39384281027,196789.88176518472,189193.6290086472
1395,175216.51331992866,206353.2501585028,205078.136973347
1396,164263.55659863478,184396.57458809132,179851.69259682193
1397,188877.50940277896,193538.82986815032,193218.85226757676
1398,121613.77469658882,143462.74046500653,141917.92421864768
1399,119823.61185041687,123677.09505037821,118665.19353207682
1400,121741.89633494263,129132.71497435975,126681.22615213253
1401,171965.15522857534,194957.91522824837,187784.411352667
1402,108974.12543799666,115249.660031623,112387.65765566542
1403,208816.51146703976,257594.53437855488,257695.8165551263
1404,135453.26929615688,138256.56597639847,137735.47735869497
1405,131398.2885404309,158308.9157987216,159080.23615569912
1406,86922.15742994972,91713.00602522006,92083.82393797793
1407,99504.13059236246,117132.014507728,103464.62214849777
1408,101913.2379331556,125876.44321514096,116814.37368261375
1409,127428.85470430765,145441.39376118276,139035.49626436568
1410,82612.68179083207,106905.82446911698,101876.39379191185
1411,49482.39391647926,62161.93104152665,56864.236118018634
1412,97525.55300459846,108775.43825176918,105679.67431139735
1413,123652.37246403938,133035.92752963392,128248.43029879295
1414,122580.45942361004,124358.58693135268,115454.94374423676
1415,170851.6141251369,154696.251089543,155988.60329200537
1416,137721.45976427494,140157.269320913,137241.47412202906
1417,149063.95817039983,158083.24401337837,157287.66079074543
1418,128611.9268179932,144145.70530462833,138490.65061033607
1419,94403.8401197994,108090.17881618493,99481.91655421164
1420,126503.84177096316,139350.68526011685,137086.4761185186
1421,145597.9592067505,158432.45915903256,158259.64060085235
1422,177563.6690620779,174755.51307741622,173117.47750854815
1423,181514.24871611517,173992.76893681395,175921.1531390513
1424,159403.47456613815,163655.55531480984,162290.82891856425
1425,192473.51119745904,193715.26969609395,200084.97048954797
1426,93508.70911877154,105214.28522672382,98427.19736913462
1427,139304.00649264012,133864.71838043057,129226.57145104837
1428,55771.67249767397,69646.50079144367,64299.88999635088
1429,72436.34865973849,85238.85195297512,86460.52608772958
1430,129314.44785276735,143327.18238118422,138452.29044792277
1431,51801.24519235321,70839.82894159744,64233.27117488033
1432,84786.51671734704,110646.63951007806,102268.65781579798
1433,62546.381848008845,67188.3507592165,63777.49972301418
1434,284306.2072403124,291962.9537574048,296778.1486032171
1435,235158.05531840262,271133.5278488895,267089.44556055556
1436,187051.21333061476,188997.35958925594,188416.7919322592
1437,136149.82446600773,141697.3908607597,136975.07395816114
1438,179002.71731231993,218854.13557256712,203393.68752509425
1439,144833.52585604187,154641.39087996565,149487.86031220795
1440,193265.4578718694,191610.11734086543,198939.05623205725
1441,169850.07835528944,183187.14473670727,176467.49156794616
1442,279090.9094898548,326014.92682673555,324708.6401310595
1443,299048.0509816005,325297.2225858104,323031.60061113583
1444,70685.80047661396,98255.04858216448,91663.49217311133
1445,183138.4533638378,188180.39866534484,184563.88066362677
1446,109780.693312059,117731.23255708868,125352.94724817565
1447,113845.81034631337,121884.01613845713,122135.59822478473
1448,141473.38402418964,144529.79473724362,142229.87082471035
1449,73193.1658258231,86363.78825474092,89622.98087420662
1450,83109.42233121452,92926.34781021971,91500.22796857997
1451,134439.83115587838,150209.14593079186,140665.87456179262
1452,86707.52101063236,95686.57031706927,96572.66448437996
1453,74449.55618476952,88721.34420609864,87118.33558547717
1454,82740.32399747925,89792.06393898252,88615.57185612753
1455,88818.94780705942,95978.47455980453,97397.48197575749
1456,156038.70825513886,152589.1008455153,152968.79569059642
1457,103009.61136001017,115929.81676186492,118699.92805260948
1458,211397.01584704872,212244.44947392863,208558.70697219472
